Topic,Word 1,Word 2,Word 3,Word 4,Category,Date,Approval,Notes,,,,
SPECTRE,SCARY,GHOST,HAUNT,SPOOK,Culture,October 30,good,60,,,,
CAESAR,MARCH,BRUTE,STABS,ROMAN,History,March 15,good,                       ^ number of fixed dates,,,,
D-DAY,STORM,BEACH,OMAHA,SWORD,History,June 6,good,,,366,,
WONDERLAND,ALICE,MARCH,QUEEN,HEART,Fiction,January 27,good,,number of approved puzzles ^,,,
BELIEVE,POLAR,TRAIN,BELLS,DREAM,Fiction,December 24,good,,,15,,
STAR WARS,BLAST,SABER,FORCE,CLONE,Movies,May 4,good,,number in quarantine ^,,,
COSMOS,TEACH,SPACE,STARS,SAGAN,People,,good,,,,,
VOLCANO,MAGMA,ERUPT,FAULT,LAHAR,News,January 15,good,,,,,
FUKUSHIMA,EARTH,QUAKE,REACT,JAPAN,News,March 11,good,,,,,
FRANCO,RULES,SPAIN,AFTER,CIVIL,People,November 20,good,,,,,
DENTAL,TOOTH,PASTE,BRUSH,FLOSS,Misc,,good,,,,,
CFC,GREEN,HOUSE,OZONE,HOLES,History,,good,,,,,
CASTRO,FIDEL,RULED,CUBAN,LANDS,People,July 26,good,,,,,
BUBBLE,WATER,SOAPY,SUDSY,ROUND,Misc,,good,,,,,
PANDEMIC,COVID,VIRUS,HALTS,WORLD,News,December 29,good,,,,,
BIG BEN,CLOCK,TICKS,TOWER,BELLS,Culture,,good,,,,,
DANELAW,NORSE,RAIDS,COAST,SHIPS,History,,good,,,,,
HAMLET,GHOST,STAGE,SKULL,DROWN,Fiction,,good,,,,,
OLYMPUS,GREEK,MOUNT,GODLY,CLOUD,Culture,,good,,,,,
GUTENBERG,FIRST,PRESS,PRINT,BIBLE,History,,good,,,,,
BEES,HONEY,COMBS,STING,QUEEN,Misc,,good,,,,,
RAILROAD,DRIVE,SPIKE,TRAIN,TRACK,Misc,,good,,,,,
COM-,PRESS,PLAIN,POUND,POSER,Affixes,,good,(lotta overlap with EX-),,,,
LITERATURE,WRITE,NOVEL,PROSE,STORY,Misc,,good,,,,,
WINDOW,CLEAR,GLASS,PANES,BLIND,Misc,,good,,,,,
CERN EXPERIMENTS,ALICE,ATLAS,FASER,TOTEM,Places,September 29,good,,,,,
DECK OF CARDS,HEART,SPADE,CLUBS,JOKER,Misc,,good,,,,,
LAWYER,CASES,TRIAL,BRIEF,JUROR,Misc,,good,,,,,
PHAROAH,ROYAL,EGYPT,MUMMY,TOMBS,History,,good,,,,,
NETHERLANDS,DUTCH,DIKES,TULIP,BIKES,Culture,March 16,good,,,,,
CRUCIFIXION,JESUS,CROSS,THORN,NAILS,Culture,April 7,good,,,,,
CATHOLICISM,SAINT,POPES,ROMAN,CANON,Culture,,good,,,,,
THE HOBBIT,BILBO,DWARF,SMAUG,ELVES,Fiction,January 3,good,,,,,
BIRDS I,SWIFT,ROBIN,EAGLE,HERON,Science List,,good,,,,,
BARNYARD,HORSE,SHEEP,FENCE,ROOST,Misc,,good,,,,,
BIRDS II,RAVEN,FINCH,QUAIL,GOOSE,Science List,,good,,,,,
COLORS I,BLACK,WHITE,GREEN,BROWN,Misc List,,good,,,,,
COLORS II,MAUVE,BEIGE,IVORY,AZURE,Misc List,,good,,,,,
BOB ROSS,TEACH,PAINT,HAPPY,TREES,People,October 29,good,,,,,
DOSTOEVSKY,CRIME,IDIOT,NOTES,DIARY,Fiction,February 9,good,,,,,
ALADDIN,NIGHT,GENIE,MAGIC,THREE,Fiction,August 13,good,,,,,
HITCHCOCK,KNIFE,BATES,MOTEL,BLOOD,Movies,,good,,,,,
KELLER,HELEN,BLIND,WATER,LEARN,People,June 27,good,,,,,
BREAKFAST,TOAST,JELLY,BACON,JUICE,Food,,good,,,,,
JERICHO,MARCH,WALLS,SEVEN,TIMES,Culture,,good,,,,,
TROY,FALSE,HORSE,HOLDS,GREEK,Fiction,,good,,,,,
ROMAN ORIGINS,REMUS,FOUND,TIBER,HILLS,History,,good,,,,,
LION KING,SIMBA,TIMON,HYENA,PRIDE,Movies,June 24,good,,,,,
HALLELUJAH,CHOIR,SINGS,GLORY,SONGS,Culture,,good,,,,,
COFFEE,WATER,STEEP,BEANS,DRINK,Food,,good,,,,,
COUNTRIES I,SPAIN,TONGA,KENYA,NEPAL,Places List,,good,,,,,
COUNTRIES II,CHINA,SUDAN,INDIA,GABON,Places List,,good,,,,,
CLOTHING I,SHIRT,PANTS,SOCKS,DRESS,Misc,,good,,,,,
SAPPHO,LOVEY,POEMS,ABOUT,WOMEN,People,,good,,,,,
NINTENDO,MARIO,ZELDA,SUPER,SMASH,Culture,,good,,,,,
CONSTRUCTION,RIVET,STEEL,PLANK,REBAR,Misc,,good,,,,,
RELIGIOUS TEXTS,BIBLE,TORAH,QURAN,VEDAS,Culture,,good,,,,,
COUNTRIES III,CONGO,SYRIA,EGYPT,QATAR,Places List,,good,,,,,
DEMOLITION,WRECK,CRASH,DERBY,TRUCK,Misc,,good,,,,,
COUNTRIES IV,JAPAN,ITALY,SAMOA,HAITI,Places List,,good,,,,,
BIRDS III,EGRET,CRANE,BOOBY,MACAW,Science List,,good,,,,,
BATMAN,BRUCE,WAYNE,ROBIN,JOKER,Fiction,,good,,,,,
GEOMETRY,POINT,PLANE,ANGLE,SHAPE,Misc,,good,,,,,
DEMONYMS I,CZECH,SAUDI,DUTCH,CROAT,Culture,,good,,,,,
VALHALLA,GREAT,NORSE,FEAST,ABOVE,Fiction,,good,,,,,
WRIGHT,PAPER,WINGS,PLANE,BEACH,People,December 14,good,,,,,
SCRIBE,QUILL,CLERK,WRITE,PAPER,Misc,,good,,,,,
COMPUTER,MOUSE,TOWER,WIRES,CLICK,Misc,,good,,,,,
ROBBERY,THIEF,STEAL,VAULT,HEIST,Misc,,good,,,,,
BASEBALL,PITCH,CATCH,MOUND,FIELD,Culture,July 19,good,,,,,
BASKETBALL,HOOPS,COURT,SHOOT,SWISH,Culture,,good,,,,,
SOCCER,PITCH,THROW,GRASS,CLEAT,Culture,,good,,,,,
TENNIS,MATCH,SERVE,DEUCE,COURT,Culture,July 1,good,,,,,
AHAB,HUNTS,GREAT,WHITE,WHALE,Fiction,,good,,,,,
SPONGEBOB CHARACTERS,SANDY,KRABS,LARRY,PEARL,Fiction,May 1,good,,,,,
SECRETARIAT,HORSE,RACES,DERBY,CROWN,History,June 9,good,,,,,
FRUITS I,GRAPE,MANGO,APPLE,LEMON,Food List,,good,,,,,
BERRIES,STRAW,BLACK,GOOSE,ELDER,Food List,,good,,,,,
MONSOON,STORM,HEAVY,RAINS,FLOOD,Misc,,good,,,,,
REMOVE,ERASE,CLEAR,PURGE,EMPTY,Synonyms,,good,,,,,
CINDERELLA,MAGIC,FAIRY,GLASS,SHOES,Fiction,,good,,,,,
SNOW WHITE,SEVEN,DWARF,APPLE,QUEEN,Fiction,,good,,,,,
SEA CREATURES,SHARK,WHALE,SQUID,CORAL,Misc,,good,,,,,
LOVE IS LOVE,HAPPY,QUEER,PRIDE,MONTH,News,October 1,good,,,,,
NUMBERS,SEVEN,EIGHT,FORTY,THREE,Misc,,good,,,,,
BEEF,TRIPE,STEAK,CHUCK,ROUND,Food,,good,,,,,
TREES,MAPLE,ASPEN,BIRCH,BEECH,Science List,April 29,good,,,,,
TELL-TALE,HEART,BEATS,UNDER,BOARD,Fiction,January 19,good,,,,,
GEMSTONES I,AMBER,TOPAZ,AGATE,BERYL,Science List,,good,,,,,
GEMSTONES II,LAPIS,FACET,PEARL,JEWEL,Science List,,good,,,,,
ROULETTE,WHEEL,BLACK,SPINS,HOUSE,Culture,,good,,,,,
CASINO,POKER,HOUSE,ROYAL,FLUSH,Culture List,,good,,,,,
-MAN,HENCH,STUNT,ALDER,CHAIR,Affixes,,good,,,,,
TWINKIE,SWEET,CREAM,SNACK,CAKES,Food,,good,,,,,
SLEEPING BEAUTY,PRICK,WHEEL,MAGIC,SLEEP,Fiction,,good,,,,,
LANGUAGES I,UZBEK,HINDI,FARSI,TAMIL,Culture List,,good,,,,,
LANGUAGES II,DUTCH,WELSH,CZECH,LATIN,Culture List,,good,,,,,
BEARS,BROWN,POLAR,PANDA,SLOTH,Misc,,good,,,,,
HAIR,SHORT,CURLY,PIXIE,BLOND,Misc,,good,,,,,
IRS,AUDIT,TAXES,MONEY,APRIL,Culture,,good,,,,,
DRAGON,WINGS,HOARD,FIERY,SCALE,Culture,,good,,,,,
FAST,QUICK,HASTE,SPEED,RAPID,Synonyms,,good,,,,,
COWBOY,LASSO,HORSE,RANCH,RODEO,Culture,,good,,,,,
ORIGAMI,WASHI,PAPER,FOLDS,CRANE,Culture,,good,,,,,
BOOGIE,FUNKY,DISCO,DANCE,FLOOR,Culture,September 21,good,,,,,
TOILET,FLUSH,WATER,PRIVY,SEWER,Misc,,good,,,,,
DANCES,MAMBO,SALSA,WALTZ,CONGA,Culture,,good,,,,,
TABLETOP GAMES,SORRY,CATAN,CHESS,JENGA,Culture List,,good,,,,,
KNIGHT,ARMOR,STEED,SWORD,LANCE,History,May 29,good,,,,,
HALLEY,COMET,OFTEN,FLIES,CLOSE,Science,,good,,,,,
GUITAR,STRUM,FRETS,CHORD,PLUCK,Misc,,good,,,,,
CATHERINE THE 2ND,GREAT,USURP,PETER,THIRD,History,May 2,good,,,,,
CARS I,HONDA,LEXUS,ACURA,VOLVO,Culture List,,good,,,,,
CARS II,TESLA,BUICK,MAZDA,DODGE,Culture List,,good,,,,,
ORGANS,BRAIN,HEART,LIVER,LUNGS,Science,,good,,,,,
THEATRE,GLOBE,DRAMA,STAGE,ACTOR,Culture,,good,,,,,
SITH,DARTH,DOOKU,SNOKE,VADER,Movies,May 6,good,,,,,
COOKING TECHNIQUES,ROAST,BROIL,GRILL,POACH,Food List,,good,,,,,
WEATHER,SUNNY,WINDY,BALMY,RAINY,Misc,,good,,,,,
INSTRUMENTS,FLUTE,VIOLA,CELLO,PIANO,Culture,,good,,,,,
PERCUSSION,SNARE,CLAVE,CHIME,BONGO,Culture,,good,,,,,
BODILY LIQUIDS,BLOOD,LYMPH,SWEAT,URINE,Science,,good,,,,,
MYTHOLOGICAL CREATURES I,HARPY,SIREN,NYMPH,SATYR,Fiction,,good,,,,,
SENSES,SMELL,SIGHT,TASTE,TOUCH,Misc,,good,,,,,
AIR,VENTS,DUCTS,WINDY,DRAFT,Misc,,good,,,,,
UK PRIME MINISTERS,BLAIR,MAJOR,HEATH,BORIS,History List,,good,,,,,
SPAM,EMAIL,INBOX,FILLS,QUICK,Misc,,good,,,,,
US PRESIDENTS I,ADAMS,TYLER,GRANT,HAYES,History List,,good,,,,,
US PRESIDENTS II,NIXON,OBAMA,TRUMP,BIDEN,History List,,good,,,,,
HERBS & SPICES,THYME,BASIL,CLOVE,CHILE,Food List,,good,,,,,
PRAISE,HONOR,CHEER,ADORE,EXALT,Synonyms,,good,,,,,
CHEESES,GOUDA,CREAM,SWISS,COLBY,Food List,,good,,,,,
MOUNTAIN RANGES,ANDES,ROCKY,ATLAS,URALS,Places List,,good,,,,,
EDELWEISS,HILLS,ALIVE,SOUND,MUSIC,Movies,March 2,good,,,,,
PAINTING,COLOR,SHADE,BRUSH,LAYER,Misc,,good,,,,,
TRIBULATION,BLOOD,SWEAT,TEARS,LABOR,Phrases,,good,,,,,
HAPSBURGS,MARRY,KEEPS,ROYAL,BLOOD,History,,good,,,,,
CARRIAGES,BUGGY,WAGON,COACH,VARDO,Culture List,,good,,,,,
NFL TEAMS,LIONS,BEARS,BILLS,COLTS,Culture List,September 8,good,,,,,
ROOM SERVICE,SUITE,HOTEL,LOBBY,STAFF,Culture,,good,,,,,
EUROPEAN RIVERS,VOLGA,RHINE,RHONE,SEINE,Places List,,good,,,,,
STOMACH,BOWEL,BELLY,TUMMY,TORSO,Misc,,good,,,,,
PROGRAMMING LANGUAGES,BASIC,COBOL,SCALA,SWIFT,Science,,good,,,,,
QUANTUM,STATE,FIELD,QUARK,BOSON,Science,,good,,,,,
FISH,CLOWN,GUPPY,TROUT,ANGEL,Science List,,good,,,,,
FAMOUS WARS,WORLD,CIVIL,ROSES,OPIUM,History,,good,,,,,
TONGUE,SALTY,SWEET,UMAMI,TASTE,Science,,good,,,,,
SIMPLE MACHINES,SCREW,LEVER,WEDGE,WHEEL,Science List,,good,,,,,
PASTRY,SWEET,CRUST,ICING,CREAM,Food,,good,,,,,
POACHING,RHINO,IVORY,TRADE,KILLS,News,September 22,good,,,,,
ALCOHOLIC DRINKS,CIDER,VODKA,LAGER,BOOZE,Food List,,good,,,,,
ELECTRICITY,HYDRO,SOLAR,POWER,SHOCK,Misc,July 10,good,,,,,
HYSTERIA,CRAZE,PANIC,MANIA,FRITZ,Synonyms,,good,,,,,
MARRIAGE,MARRY,HAPPY,BRIDE,GROOM,Culture,,good,,,,,
DININGWARE,PLATE,SPOON,KNIFE,SPORK,Culture List,,good,,,,,
THE WIGGLES,FRUIT,SALAD,YUMMY,YUMMY,Culture,,good,,,,,
SEATING,STOOL,CHAIR,BENCH,COUCH,Misc List,,good,,,,,
BUFFALO,SPICY,SAUCE,COVER,WINGS,Food,,good,,,,,
NACL,SALTY,IONIC,BONDS,CUBIC,Science,,good,,,,,
AN OLD BRIDGE,RUSTY,TRUSS,DECAY,FAULT,Misc,,good,,,,,
-OR,AUDIT,TRAIT,TRACT,VISIT,Affixes,,good,,,,,
SINS,PRIDE,GREED,WRATH,SLOTH,Culture,,good,,,,,
CLOTHING II,ASCOT,SCARF,SKIRT,PARKA,Misc List,,good,,,,,
CANINE,WHELP,PUPPY,HOUND,POOCH,Misc,,good,,,,,
ORDINALS,FIRST,THIRD,SIXTH,TENTH,Misc,,good,,,,,
NATIVE PEOPLES,SIOUX,MAORI,INUIT,CREEK,Culture,,good,,,,,
HABITAT,BIOME,NICHE,HAVEN,ABODE,Synonyms,,good,,,,,
CANYON,FJORD,GORGE,CHASM,GRAND,Places,,good,,,,,
FELLOWSHIP,GUILD,GROUP,PARTY,TROOP,Misc,,good,,,,,
BARF,BELCH,VOMIT,RETCH,CHUCK,Misc,,good,,,,,
WINNER,PRIZE,HONOR,MEDAL,AWARD,Misc,,good,,,,,
TIME,SPELL,JIFFY,STINT,EPOCH,Misc,,good,,,,,
PRESSURE,VALVE,STEAM,GAUGE,FORCE,Science,,good,,,,,
AT THE DOCKS,NAVAL,FLEET,WHARF,YACHT,Misc,,good,,,,,
BOATS,CANOE,KAYAK,YACHT,FERRY,Misc List,,good,,,,,
ANIMAL TERMS,SWINE,OVINE,RANID,AVIAN,Misc List,,good,,,,,
SHINOBI,NINJA,SNEAK,THROW,STARS,Culture,,good,,,,,
DATABASE,QUERY,TABLE,STORE,ENTRY,Science,,good,,,,,
CLIMBING OVER,RIDGE,CREST,MOUNT,SLOPE,Misc,,good,,,,,
ROSE,BLOOM,PETAL,AROMA,THORN,Misc,,good,,,,,
COURT ROOM,JUDGE,POUND,GAVEL,ORDER,Misc,,good,,,,,
THE EYES,PUPIL,FOCAL,OPTIC,BLIND,Science,,good,,,,,
GENIUS,SMART,THINK,MENSA,ELITE,Misc,,good,,,,,
THE NOSE,NASAL,SNORT,MUCUS,SCENT,Misc,,good,,,,,
-OLOGY,OCEAN,MUSIC,MORPH,PSYCH,Affixes,,good,,,,,
BARTON,NURSE,MEDIC,WOUND,CROSS,People,May 21,good,,,,,
PAVAROTTI,TENOR,VOICE,SINGS,OPERA,People,October 12,good,,,,,
NO 'U',COLOR,HONOR,FAVOR,LABOR,Culture,,good,,,,,
THOMAS & FRIENDS,PERCY,HENRY,JAMES,SODOR,Fiction,October 9,good,,,,,
RAYS,STING,BARBS,MANTA,SKATE,Science,,good,,,,,
... NICE,SUGAR,SPICE,EVERY,THING,Phrases,,good,,,,,
SPONGE,SCRUB,CLEAN,BRUSH,SOAPY,Misc,,good,,,,,
FIREARMS,SNIPE,RIFLE,SHOOT,SHELL,Misc,,good,,,,,
ON THE WAVES,HEAVE,SURGE,PITCH,FLOAT,Misc,,good,,,,,
UNCLEAN,FILTH,DIRTY,GROSS,MUDDY,Misc,,good,,,,,
PLEASURE,MIRTH,HAPPY,CHEER,BLISS,Misc,,good,,,,,
CARTEL,CABAL,JUNTA,MAFIA,DRUGS,Culture,,good,,,,,
BAKER,DOZEN,BREAD,DOUGH,FLOUR,Misc,,good,,,,,
UNITS I,METER,JOULE,LUMEN,QUART,Science List,,good,,,,,
UNITS II,LITER,POUND,TESLA,OUNCE,Science List,,good,,,,,
SHEET MUSIC,SHARP,CHORD,STAFF,TEMPO,Culture,,good,,,,,
HOUSING,IGLOO,CABIN,MANOR,VILLA,Culture List,,good,,,,,
MAMMALS I,MOOSE,SHREW,CAMEL,LEMUR,Science List,,good,,,,,
MAMMALS II,HYENA,MOUSE,SHEEP,HIPPO,Science List,,good,,,,,
MAMMALS III,WHALE,CIVET,HORSE,SLOTH,Science List,,good,,,,,
MAMMALS IV,LLAMA,HUMAN,OTTER,TIGER,Science List,,good,,,,,
MAMMALS V,TAPIR,SKUNK,BISON,ZEBRA,Science List,,good,,,,,
DOG BREEDS,BOXER,CORGI,HUSKY,FEIST,Science List,,good,,,,,
KING ARTHUR,ROUND,TABLE,SWORD,STONE,Fiction,,good,,,,,
CUT,SEVER,SLASH,SHAVE,SLICE,Synonyms,,good,,,,,
PANTS,KHAKI,JEANS,CARGO,SWEAT,Misc,,good,,,,,
TYPES OF WAVES,LIGHT,SOUND,RADIO,OCEAN,Science List,,good,,,,,
THE EAR,LOBES,CANAL,ANVIL,RINGS,Science,,good,,,,,
UP TO YOUR EAR,OCEAN,WAVES,CONCH,SHELL,Misc,,good,,,,,
CLICHÃ‰D,TRITE,BANAL,CORNY,STALE,Synonyms,,good,,,,,
BUILD A FIRE,FLINT,STEEL,SPARK,FLAME,Misc,,good,,,,,
FRUITS II,PEACH,GUAVA,MELON,OLIVE,Food List,,good,,,,,
ITALIAN CUISINE,PIZZA,PASTA,PESTO,SAUCE,Food,,good,,,,,
VIEW,IMAGE,SIGHT,VISTA,SCENE,Misc,,good,,,,,
GREEK LETTERS,ALPHA,KAPPA,SIGMA,OMEGA,Culture,,good,,,,,
ONE HOLE,BAGEL,DONUT,TORUS,STRAW,Misc,,good,,,,,
PLAY THAT SONG,VINYL,ALBUM,RADIO,TRACK,Culture,,good,,,,,
MARVEL,COMIC,PANEL,SUPER,MOVIE,Culture,,good,,,,,
CROPS,WHEAT,MAIZE,SUGAR,COCOA,Misc,,good,,,,,
REPTILES,GECKO,ANOLE,SKINK,VIPER,Science List,,good,,,,,
THE ARM,THUMB,PINKY,WRIST,ELBOW,Science List,,good,,,,,
THE ABDOMEN,CHEST,TORSO,SPINE,BELLY,Science List,,good,,,,,
WALL-E,PLANT,ROBOT,TRASH,AXIOM,Movies,,good,,,,,
TIDYING UP,BROOM,SWEEP,DUSTY,FLOOR,Misc,,good,,,,,
TERROR,EERIE,TENSE,SCARY,CHILL,Misc,,good,,,,,
MAN ON THE MOON,LUNAR,ROVER,EAGLE,ORBIT,History,July 20,good,,,,,
WINTER,CHILL,FROST,SNOWY,SLEET,Misc,,good,,,,,
STOP,STALL,PAUSE,CEASE,BELAY,Synonyms,,good,,,,,
RIVER,DELTA,MOUTH,CURVE,GORGE,Science,,good,,,,,
ROCKS,SHALE,SLATE,CHERT,FLINT,Science List,,good,,,,,
ANIMAL GROUPS,FLOCK,SWARM,TROOP,SKULK,Science List,,good,,,,,
PUNCTUATION,COMMA,QUOTE,COLON,CARET,Misc,,good,,,,,
WOLF,FERAL,SNARL,GNASH,MANGE,Misc,,good,,,,,
CRYPTOCURRENCY,BLOCK,CHAIN,TOKEN,MINER,Culture,,good,,,,,
TOPIARY,SHRUB,HEDGE,GRASS,LEAFY,Misc,,good,,,,,
PARADE,TWIRL,BATON,MARCH,FLOAT,Culture,,good,,,,,
REFRACT,GLASS,PRISM,COLOR,LIGHT,Science,,good,,,,,
FAT,PLUMP,PUDGY,OBESE,HEAVY,Synonyms,,good,,,,,
CALCULUS,LIMIT,RATIO,SLOPE,GRAPH,Science,January 4,good,,,,,
RIVERA & KAHLO,DIEGO,FRIDA,PAINT,MURAL,People,,good,,,,,
BIKE,PEDAL,CHAIN,WHEEL,BRAKE,Misc,,good,,,,,
CORN,SHEAF,STALK,MAIZE,SHUCK,Food,,good,,,,,
MONSTERS INC,SULLY,SCARE,DOORS,KITTY,Movies,November 2,good,,,,,
WORLD CITIES I,TOKYO,CAIRO,MILAN,DELHI,Places List,,good,,,,,
WORLD CITIES II,KABUL,KYOTO,PARIS,DHAKA,Places List,,good,,,,,
WORLD CITIES III,OSAKA,LAGOS,HANOI,TUNIS,Places List,,good,,,,,
WITCHER,RIVIA,ROACH,CHAOS,CHILD,Fiction,June 21,good,,,,,
GAME OF THRONES,AEGON,SANSA,JAIME,HODOR,Fiction,September 20,good,,,,,
DRINKING,TIPSY,DRUNK,BOOZE,SOBER,Culture,,good,,,,,
HAIRCARE,DRYER,RINSE,BRUSH,SCALP,Misc,,good,,,,,
AUTHORS I,WELLS,DOYLE,MILNE,JOYCE,People List,,good,,,,,
AUTHORS II,VERNE,HARDY,WILDE,LEWIS,People List,,good,,,,,
AUSTRALIA,DINGO,ULURU,PERTH,OPERA,Places,,good,,,,,
AUTHORS III,WHITE,TWAIN,SEUSS,ELIOT,People List,,good,,,,,
COMMENCE,START,BEGIN,ONSET,INTRO,Synonyms,,good,,,,,
INTERRUPT,PAUSE,STALL,DELAY,DEFER,Synonyms,,good,,,,,
MARTIAL WEAPONS,SPEAR,SWORD,LANCE,FLAIL,Culture,,good,,,,,
RED CARPET,ACTOR,STRUT,DEBUT,MOVIE,Culture,,good,,,,,
GREETINGS,HOWDY,ALOHA,HELLO,NIHAO,Culture,,good,,,,,
ST. NICK,HOLLY,JOLLY,SANTA,CLAUS,Culture,December 25,good,,,,,
FAKE,SPOOF,PHONY,BOGUS,DECOY,Synonyms,,good,,,,,
COMMUNICATION,PHONE,RADIO,EMAIL,TWEET,Culture,,good,,,,,
SHRIMP,JUMBO,PRAWN,SAUCE,FRIED,Food,,good,,,,,
FIRE,BLAZE,EMBER,FLAME,SPARK,Misc,,good,,,,,
ON YOUR SHOULDERS,ANGEL,MORAL,DEVIL,TEMPT,Culture,,good,,,,,
LATRINE,PRIVY,SEWER,WASTE,POTTY,Misc,,good,,,,,
DIVIDE,SLICE,DIVVY,ALLOT,SPLIT,Synonyms,,good,,,,,
FACIAL HAIR,RAZOR,SHAVE,CREAM,BEARD,Misc,,good,,,,,
MOTIONLESS,STILL,FIXED,INERT,RIGID,Synonyms,,good,,,,,
HIT,SMACK,SPANK,PUNCH,WHACK,Synonyms,,good,,,,,
SPARKLE,GLINT,GLEAM,GLITZ,SHINE,Synonyms,,good,,,,,
MEMORIAL DAY,HONOR,SERVE,GRAVE,STONE,Culture,May 30,good,,,,,
PERSONALITY,QUIRK,TRAIT,FACET,IDEAL,Misc,,good,,,,,
MINECRAFT,PLACE,BLOCK,BUILD,HOUSE,Culture,May 17,good,,,,,
CAPE HATTERAS,LIGHT,HOUSE,OUTER,BANKS,Culture,,good,,,,,
ONLY 'Y',CRYPT,LYMPH,SLYLY,MYRRH,Misc,,good,,,,,
REEF,CORAL,POLYP,ATOLL,SCUBA,Science,,good,,,,,
COMEDIAN,FUNNY,HUMOR,JOKES,LAUGH,Culture,,good,,,,,
ORGANS,LIVER,HEART,BRAIN,COLON,Science List,,good,,,,,
BIOMES,SWAMP,TAIGA,OCEAN,BEACH,Misc List,,good,,,,,
DEMONYMS II,SWISS,IRISH,IRAQI,GREEK,Culture List,,good,,,,,
WEIRD PLURALS,GEESE,CACTI,MEDIA,SHEEP,Misc List,,good,,,,,
GANG,MAFIA,SQUAD,GROUP,POSSE,Synonyms,,good,,,,,
PIE,APPLE,PECAN,CREAM,LEMON,Food,,good,,,,,
RUBIK'S CUBE,TWIST,SOLVE,SPEED,MATCH,Culture,,good,,,,,
PARTS OF A TREE,TRUNK,ROOTS,BOUGH,XYLEM,Science,January 23,good,,,,,
FLOWERS,DAISY,TULIP,PEONY,POPPY,Misc List,,good,,,,,
TRAFFIC SIGNS,YIELD,MERGE,SPEED,LIMIT,Misc List,,good,,,,,
DISTURB,UPSET,ANNOY,PEEVE,WORRY,Synonyms,,good,,,,,
SUPER MARIO,LUIGI,PEACH,KOOPA,COINS,Culture,March 10,good,,,,,
TRENCH,CHASM,ABYSS,HADAL,DEPTH,Misc,,good,,,,,
WICCAN,WITCH,SPELL,COVEN,PAGAN,Culture,,good,,,,,
WATERWAYS,BROOK,CREEK,RIVER,CANAL,Misc List,,good,,,,,
PIRATES,JOLLY,ROGER,SKULL,BONES,History,,good,,,,,
CURRENCIES,POUND,DINAR,RUPEE,FRANC,Culture List,,good,,,,,
SOLAR SYSTEM,EARTH,VENUS,PLUTO,CERES,Science List,,good,,,,,
ECLIPSE,LUNAR,UMBRA,BLOCK,LIGHT,Science,August 21,good,,,,,
TAXONOMY,CLASS,ORDER,GENUS,CLADE,Science,,good,,,,,
COST,PRICE,MONEY,VALUE,WORTH,Synonyms,,good,,,,,
DYNAMICS,MEZZO,PIANO,MEZZO,FORTE,Culture,,good,,,,,
CHESS,QUEEN,CHECK,PIECE,BOARD,Culture,,good,,,,,
ISLANDS,MALTA,LUZON,CRETE,KAUAI,Places List,,good,,,,,
LOCOMOTIVE,STEAM,TRAIN,TRACK,WHEEL,Misc,,good,,,,,
DISNEY,WORLD,MAGIC,MOUSE,EPCOT,Culture,,good,,,,,
HALLOWEEN,TRICK,TREAT,CANDY,SCARE,Culture,October 31,good,,,,,
JOKESTER,APRIL,FOOLS,TRICK,PRANK,Culture,April 1,good,,,,,
CHOCOLATE FACTORY,WILLY,WONKA,CANDY,GLOOP,Fiction,,good,,,,,
ON A FLAG,COLOR,STARS,CROSS,MAPLE,Culture,,good,,,,,
TYPES OF BREAD,WHITE,WHEAT,WHOLE,GRAIN,Food List,,good,,,,,
AT THE AIRPORT,GATES,CLAIM,BOARD,PLANE,Misc,,good,,,,,
PARTS OF A SUIT,SHIRT,PANTS,CUFFS,LAPEL,Culture,,good,,,,,
A NEW STATUE,FOUND,RAISE,PLACE,ERECT,Misc,,good,,,,,
WATCHMAKER,GEARS,HANDS,CLOCK,ROLEX,Misc,,good,,,,,
IN THE SKY,CLOUD,BIRDS,PLANE,OZONE,Misc,,good,,,,,
GOLF,DRIVE,GREEN,ROUGH,EAGLE,Culture,,good,,,,,
SHAKESPEARE CHARACTERS,ROMEO,ARIEL,VIOLA,FRIAR,Culture List,April 23,good,,,,,
MATERIALS,GLASS,STEEL,BRASS,NYLON,Misc List,,good,,,,,
ROAD WORK,CLOSE,LANES,PYLON,PAINT,Misc,,good,check these out and see if any of the other words are better,,,,
-LAND,MARSH,HEART,WASTE,SWAMP,Affixes,,good,"also: SHRUB, MARSH",,changed GRASS TO MARSH,,
-ION,POSIT,STALL,REACT,CHAMP,Affixes,,good,also: QUEST,,,,
-TER,LAUGH,GANGS,ROADS,PROMO,Affixes,,good,,,,,
IM-,PROVE,PEACH,PRINT,MORAL,Affixes,,good,"also: PRESS, PERIL, PIETY, PIOUS, POUND",,,,
DIS-,CLOSE,AGREE,COUNT,QUIET,Affixes,,good,"also: MOUNT, PROVE, PATCH, ALLOW, JOINT, HONOR",,,,
DE-,SPITE,CRYPT,LIGHT,GRADE,Affixes,,good,"also: POSIT, PRESS, FROST, CEASE, PLANE",,,,
-ISM,CYNIC,STOIC,HUMAN,IDEAL,Affixes,,good,also: HUMAN,changed ORGAN to HUMAN to make this one more specifically -ism philosophies,,,
-IST,FINAL,NOVEL,MOTOR,HUMOR,Affixes,,good,"also: LYRIC, HUMAN, MEDAL, VOCAL, IDEAL",,,,
-OUT,SHOOT,CHECK,STAKE,KNOCK,Affixes,,good,"also: WHITE, BLACK, BREAK",,,,
-ABLE,AVAIL,ADAPT,FAVOR,RENEW,Affixes,,good,"also: AGREE, TREAT, HABIT",,,,
SEAS,BLACK,CORAL,TIMOR,NORTH,Places,,good,,,,,
CON-,SERVE,DENSE,FUSED,TEMPT,Affiixes,,good,"also: VERSE, SPIRE, TRACT, FRONT",,,,
-IC,CLASS,PSYCH,TITAN,IDIOT,Affixes,,good,"also: ORGAN, OCEAN, CRYPT",,,,
-LE,CRACK,SPARK,CRUMB,TRAMP,Affixes,,good,"also: STEEP, START",,,,
BE-,SIEGE,CAUSE,WITCH,AMISH,Affixes,,good,"also: TWIXT, TWEEN, SPOKE",,,,
CO-,EXIST,MEDIC,AXIAL,PIOUS,Affixes,,good,not a great one but I love that there are answers,,,,
DRUGS,CRACK,OPIUM,XANAX,MOLLY,Culture,,good,,,,,
SPREADSHEETS,CHART,GRAPH,TABLE,EXCEL,Misc,,good,,,,,
THREE LITTLE PIGS,STRAW,STICK,BRICK,HOUSE,Fiction,,good,,,,,
EX-,CLAIM,PLAIN,CITED,AMINE,Affixes,,good,"also: PRESS, POUND",,,,
WWI BATTLES,LIEGE,MARNE,SOMME,YPRES,History,November 11,good,,,,,
STONE FRUITS,OLIVE,PEACH,MANGO,DRUPE,Science List,,good,,,,,
PUFF AWAY,CIGAR,BLUNT,SMOKE,COUGH,Misc,,good,,,,,
THE FROG & THE SCORPION,CROSS,RIVER,STING,DROWN,Fiction,,good,,,,,
EVER GIVEN,STUCK,CARGO,BLOCK,CANAL,News,March 23,good,,,,,
...CAN NEVER HURT ME,STICK,STONE,BREAK,BONES,Phrases,,good,,,,,
THE BEACH,WAVES,CRASH,SANDY,SHORE,Misc,,good,,,,,
ROYALTY,QUEEN,REGAL,CROWN,JEWEL,Culture,,good,,,,,
DIAMONDS,CARAT,FACET,JEWEL,BEZEL,Misc,,good,,,,,
FAIRY TALE JACK,MAGIC,BEANS,GIANT,STALK,Fiction,,good,,,,,
MILK,DAIRY,SHAKE,CREAM,LATTE,Food,,good,,,,,
MATHEMATICS,GRAPH,PRIME,LOGIC,PROOF,Science,April 30,good,,,,,
MYTHOLOGICAL CREATURES II,DRYAD,HYDRA,DRAKE,FAIRY,Fiction,,good,,,,,
MYTHOLOGICAL CREATURES III,GIANT,GOLEM,TROLL,DWARF,Fiction,,good,,,,,
UNDEAD,GHOST,GHOUL,MUMMY,WIGHT,Culture,,good,,,,,
1600 PENNSYLVANIA AVE,CHIEF,LIVES,WHITE,HOUSE,Culture,,good,,,,,
FAMILY MEMBERS,MOMMY,DADDY,UNCLE,NIECE,Misc,,good,,,,,
FIRST IMPRESSIONS,GREET,HELLO,SHAKE,HANDS,Misc,,good,,,,,
DATA TYPES,FLOAT,ARRAY,TUPLE,SHORT,Science List,,good,,,,,
PREVENT,BLOCK,DAUNT,DETER,AVERT,Synonyms,,good,,,,,
MUSICAL HARMONY,MAJOR,MINOR,CHORD,SCALE,Culture,,good,,,,,
MUSICAL GENRES,BLUES,METAL,DISCO,LATIN,Culture,,good,,,,,
PROFANITY,SWEAR,CURSE,POTTY,MOUTH,Misc,,good,,,,,
,,,,,,,,,,,,
,,,,,,,,,,,,
IN-,TENSE,VALID,HABIT,SPIRE,Affixes,,ready,"also: VERSE, VALID, STALL, STEAD, VOICE, HUMAN, FLAME",,,,
RE-,PLACE,QUEST,START,VERSE,Affixes,,ready,"also: BUILD, UNION, START, BIRTH, STATE, MATCH, ALIGN",,,,
,AESOP,GREEK,MORAL,FABLE,Culture,,topic,slow and steady could be a title but it doesn't hint at much imo,the Tortoise and the Hare?,,,"perhaps we could blend two different story names together so they know we mean more than one? or just ""Tortoise and the Hare and More..."" or ""and Co."""
EIFFEL,PARIS,TOWER,WORLD,LIGHT,Culture,March 31,!LIGHT,world feels a little vague,,RADIO? SIGHT?,,
LAND USE,MIXED,URBAN,FIELD,RURAL,Misc,,!MIXED,mixed use?,,,,
FREQUENTLY,NEVER,OFTEN,DAILY,USUAL?,Misc,,!USUAL,,,,,
GRAMMAR,TENSE,COMMA,SPELL,,Culture,,incomplete,,,,,
,PLUMB,DEPTH,SOUND,TWAIN,Misc,,obscurity,,,,,
,MASON,BUILD,BRICK,WALLS,Misc,,topic,,,,,
EMOTIONS?,SHAME,GUILT,ANGER,WORRY,Misc,,topic,,,,,
THE LITTLE MERMAID,ARIEL,VOICE,SINGS,,Fiction,,incomplete,"WATER, OCEAN, UNDER",,,,
,ANIME,MANGA,JAPAN,,Culture,,incomplete,,,,,
,AUDIO,VIDEO,MEDIA,,Misc,,incomplete,,,,,
UNDIES,BOXER,BRIEF,UNDER,PANTS,Misc,,topic,,,,,
GAMORRAH,DEITY,SMITE,SODOM,FLAME,Culture,,topic,,,,,
,,,,,,,,,,,,
REMOTE SENSING,SONAR,RADAR,LIDAR,SIGHT,Science,,obscurity,,,,,
FREDDIE MERCURY,QUEEN,ROCKS,WHOLE,WORLD,Culture,September 5,!WHOLE WORLD,,,,,
UNDERSTOOD,ROGER,HEARD,POINT,TAKEN,Phrases,,idk tbh,,,,,
FAIRY TALE JACK,QUICK,GIANT,FROST,CROWN,Fiction,,too unrelated,,,,,
INFERNO,DANTE,VISIT,EVERY,LEVEL,Fiction,,!EVERY LEVEL,"SATAN, LAYER",,,,
WANTON,WREAK,HAVOC,CAUSE,CHAOS,Misc,,hmmmmm,,,,,
CONTROL FLOW,ERROR,WHILE,CATCH,LOOPS,Science,,obscurity,,,,,
,,,,,,,,,,,,
,,,,,,,,,,,,
CORRECT,VALID,RIGHT,SOLID,TRUTH,Synonyms,,idk tbh,,,,,
,,,,,,,,,,,,
MATHEMATICS?,PAPER,PROOF,CHALK,LEMMA,Science,,brett HATE,,,,,
MINECRAFT II,SWORD,CHEST,TORCH,,Culture,,brett LOVE,"he just wants sword, man",,,,
MIS-,TAKEN,CHIEF,MATCH,TRIAL,Affixes,,too many,"also: JUDGE, SPEAK, SPOKE, TRUST, SPELT, USING",,,,
CAST & MOLD,EPOXY,RESIN,GLOSS,MODEL,Misc,,not great tbh,,,,,
